id,entityId1,entityId2
0,1199,537
1,603,1976
2,634,332
3,165,1468
4,582,554
5,1109,938
6,348,1545
7,673,265
8,782,2387
9,1071,2045
10,883,152
11,987,826
12,830,459
13,20,1217
14,1151,440
15,573,2422
16,587,150
17,770,2459
18,1252,2303
19,1231,1067
20,440,2120
21,568,2850
22,359,2700
23,1281,1015
24,757,386
25,1145,2069
26,1024,756
27,649,228
28,560,356
29,428,2190
30,974,812
31,1335,639
32,858,202
33,450,2415
34,537,221
35,375,2499
36,1274,494
37,847,188
38,732,423
39,1285,698
40,586,256
41,1310,678
42,1253,191
43,1238,514
44,851,794
45,30,426
46,619,291
47,807,2400
48,66,1534
49,1250,454
50,1188,571
51,177,1448
52,1120,2117
53,1218,1065
54,1080,1345
55,1059,1972
56,795,2477
57,1268,1013
58,90,1599
59,1121,927
60,36,1986
61,1058,12
62,1038,742
63,77,1565
64,818,2620
65,1322,633
66,1213,556
67,1146,905
68,1340,253
69,708,398
70,719,2646
71,578,947
72,897,165
73,101,1628
74,724,2236
75,462,2388
76,721,436
77,831,2485
78,60,2054
79,1347,619
80,774,2186
81,1243,1059
82,1336,599
83,1175,559
84,1013,785
85,881,2433
86,832,1473
87,1031,2268
88,919,2444
89,47,2025
90,747,338
91,661,219
92,1085,960
93,1200,539
94,476,2353
95,0,1833
96,506,1913
97,765,463
98,857,2390
99,380,2131
100,409,2713
101,1260,775
102,1006,2311
103,321,2934
104,124,1792
105,1222,1880
106,1102,493
107,894,2484
108,983,2178
109,938,880
110,265,330
111,166,1469
112,284,2849
113,674,266
114,266,2298
115,697,406
116,466,2081
117,771,2458
118,611,290
119,1135,920
120,1297,700
121,922,169
122,635,351
123,1257,1040
124,308,2915
125,1160,897
126,875,912
127,863,979
128,1092,1342
129,592,943
130,906,2445
131,1025,764
132,733,425
133,1072,964
134,488,2332
135,243,141
136,561,2419
137,950,852
138,1097,944
139,316,2913
140,909,162
141,1000,808
142,1157,2110
143,734,357
144,1323,627
145,78,1561
146,1173,792
147,312,573
148,334,2852
149,1348,610
150,1172,885
151,1226,506
152,1107,940
153,783,2456
154,594,513
155,48,2023
156,1132,919
157,1176,558
158,694,410
159,613,189
160,1110,702
161,662,218
162,817,2497
163,1060,1998
164,1229,1066
165,1201,541
166,1261,464
167,636,334
168,646,312
169,442,2102
170,88,1571
171,285,2851
172,452,2082
173,885,155
174,1333,641
175,707,2642
176,55,2053
177,371,2660
178,612,289
179,10,1906
180,509,2697
181,551,2060
182,746,1462
183,188,1476
184,361,2699
185,1308,674
186,309,2918
187,1042,2278
188,976,810
189,622,274
190,759,388
191,373,2509
192,860,200
193,112,1646
194,178,1509
195,1236,516
196,1298,711
197,346,2706
198,1276,495
199,1118,2122
200,79,1543
201,1011,766
202,670,1641
203,836,955
204,959,2233
205,519,2693
206,125,1823
207,769,375
208,1133,2136
209,1211,555
210,1220,1060
211,844,2344
212,735,355
213,34,1990
214,1123,923
215,1036,748
216,1324,624
217,870,193
218,103,1618
219,1181,1009
220,1270,1012
221,717,2654
222,1148,904
223,917,2443
224,935,2202
225,164,1454
226,685,424
227,716,439
228,58,2061
229,1349,611
230,1083,962
231,335,2859
232,1255,1022
233,49,2021
234,874,1526
235,319,2933
236,784,2455
237,672,260
238,126,1775
239,745,345
240,463,428
241,936,878
242,1033,2270
243,19,1213
244,861,2213
245,838,421
246,474,2365
247,859,2380
248,695,409
249,1177,562
250,920,170
251,637,329
252,1158,898
253,286,2840
254,1262,465
255,2,1836
256,642,305
257,1227,1322
258,663,223
259,502,2105
260,1202,543
261,647,313
262,443,2104
263,648,230
264,808,2532
265,1284,695
266,411,2714
267,688,2638
268,89,1575
269,539,285
270,1334,640
271,886,156
272,189,1471
273,538,370
274,846,190
275,760,378
276,730,1625
277,362,2698
278,1275,1021
279,372,2669
280,179,1505
281,945,2217
282,310,2919
283,26,371
284,623,273
285,216,483
286,113,1644
287,267,2397
288,791,666
289,1299,708
290,469,2386
291,347,2705
292,532,886
293,624,2241
294,908,2446
295,374,2511
296,556,942
297,1264,2369
298,1027,763
299,427,2210
300,80,1539
301,448,2083
302,1187,572
303,961,2144
304,896,151
305,710,449
306,35,1988
307,1002,798
308,845,2342
309,911,161
310,546,538
311,1074,967
312,131,1771
313,794,2481
314,1134,2132
315,574,263
316,245,144
317,962,827
318,1099,950
319,720,437
320,492,2177
321,1012,783
322,104,1615
323,1329,645
324,1019,2254
325,1159,2112
326,59,2066
327,600,1410
328,1169,2095
329,736,361
330,609,1477
331,1350,605
332,421,2282
333,1300,657
334,1149,903
335,185,1511
336,837,179
337,684,2640
338,789,2121
339,84,1584
340,1174,883
341,1246,1057
342,1178,561
343,1228,507
344,127,1780
345,1182,563
346,3,1834
347,500,1546
348,664,222
349,638,331
350,444,2099
351,1207,546
352,287,2845
353,809,2526
354,1203,544
355,50,2039
356,810,399
357,1232,520
358,412,2715
359,1094,1409
360,614,288
361,761,381
362,1116,1634
363,108,1651
364,180,1504
365,311,2920
366,933,869
367,829,893
368,978,816
369,711,448
370,589,653
371,487,2658
372,1028,762
373,984,2370
374,525,1559
375,81,1552
376,1007,772
377,953,859
378,709,2679
379,1003,804
380,1125,924
381,105,1614
382,1189,2
383,773,1467
384,737,359
385,536,2708
386,1100,949
387,1326,623
388,618,293
389,1254,456
390,912,176
391,639,306
392,1351,606
393,687,420
394,1032,751
395,1301,658
396,512,2659
397,161,1458
398,516,2330
399,937,2209
400,786,2454
401,54,2051
402,1010,2297
403,128,1773
404,1063,1995
405,542,2227
406,785,490
407,520,238
408,445,2101
409,865,10
410,51,2041
411,418,2302
412,615,287
413,899,1553
414,888,158
415,320,2250
416,181,1500
417,387,2834
418,364,2695
419,913,2441
420,273,8
421,762,383
422,4,1860
423,562,2649
424,712,444
425,866,198
426,929,866
427,1279,491
428,1067,2042
429,963,2145
430,910,2447
431,1161,2100
432,990,2192
433,365,2631
434,82,1544
435,814,184
436,840,2359
437,1079,959
438,1104,936
439,668,257
440,742,344
441,1139,2130
442,982,823
443,1251,1024
444,713,2672
445,593,2395
446,106,1932
447,741,350
448,1305,649
449,691,413
450,1129,922
451,957,865
452,787,704
453,1106,784
454,1154,900
455,916,178
456,470,2381
457,604,1499
458,1311,680
459,1008,800
460,31,1956
461,225,2239
462,939,2208
463,1258,469
464,748,336
465,884,791
466,1330,644
467,812,2681
468,625,272
469,449,2090
470,1039,755
471,61,2059
472,37,1980
473,941,2214
474,722,432
475,13,1918
476,577,148
477,1073,2018
478,999,1496
479,1184,1010
480,109,2159
481,1214,557
482,1136,895
483,85,1586
484,1021,2243
485,1014,778
486,1171,2079
487,1183,570
488,891,2763
489,819,2622
490,115,1642
491,368,2677
492,526,2356
493,530,2019
494,1337,600
495,513,884
496,1045,2274
497,1105,1391
498,91,1603
499,650,233
500,1115,2123
501,1286,697
502,1098,1965
503,947,2216
504,376,2503
505,349,2703
506,790,2476
507,1041,754
508,1193,580
509,533,978
510,1016,782
511,171,1439
512,738,349
513,876,118
514,17,1936
515,1076,969
516,1186,1011
517,41,1992
518,954,860
519,750,339
520,1341,591
521,1223,1062
522,1235,1047
523,968,834
524,1327,620
525,378,2546
526,924,2438
527,467,2376
528,276,2822
529,823,2629
530,28,1951
531,169,1466
532,679,247
533,1352,601
534,1217,501
535,1077,2026
536,595,1997
537,432,2165
538,1237,1041
539,640,310
540,991,825
541,434,2151
542,1302,659
543,576,455
544,852,227
545,766,2141
546,63,2076
547,534,0
548,686,2641
549,1138,918
550,579,2408
551,322,2135
552,873,2434
553,1219,498
554,1230,503
555,553,325
556,1140,911
557,446,2092
558,521,932
559,65,2072
560,199,65
561,975,2166
562,510,2004
563,289,2837
564,503,380
565,977,2169
566,1180,567
567,1051,2000
568,1053,2012
569,862,2384
570,925,172
571,825,2505
572,52,2031
573,498,799
574,700,2643
575,1205,545
576,1289,693
577,24,1408
578,419,2296
579,22,1404
580,455,2498
581,1005,767
582,849,2399
583,1316,672
584,1204,2687
585,653,234
586,1165,914
587,988,2184
588,1314,667
589,1269,475
590,616,296
591,1101,1967
592,72,1527
593,763,384
594,799,2464
595,119,1729
596,980,813
597,94,1588
598,143,1785
599,811,2552
600,628,278
601,752,392
602,1280,492
603,379,2513
604,381,2515
605,666,254
606,952,9
607,354,2707
608,1030,760
609,1267,489
610,944,841
611,207,1488
612,898,2448
613,878,2232
614,182,1518
615,352,2712
616,994,797
617,739,348
618,1108,1401
619,727,433
620,1249,1026
621,454,2439
622,1194,586
623,130,1749
624,170,1437
625,665,1482
626,588,602
627,1242,530
628,1244,529
629,394,2368
630,725,430
631,482,2338
632,955,862
633,1192,581
634,1126,2138
635,1127,921
636,480,2336
637,969,833
638,272,2257
639,117,1745
640,1342,592
641,689,417
642,967,829
643,903,166
644,641,304
645,548,2839
646,550,2841
647,1353,604
648,40,1999
649,435,2146
650,1224,511
651,678,245
652,824,2630
653,914,175
654,1064,974
655,1291,732
656,1152,901
657,901,168
658,680,248
659,29,1953
660,325,2925
661,1066,975
662,1256,468
663,1089,951
664,1044,753
665,46,2027
666,877,119
667,1091,954
668,369,2409
669,871,2666
670,1069,736
671,1303,660
672,1114,928
673,566,1524
674,591,368
675,64,2068
676,535,5
677,882,2844
678,605,2224
679,1026,2262
680,518,1763
681,701,403
682,703,401
683,1037,2266
684,942,882
685,1001,2293
686,887,2430
687,1084,1381
688,580,2420
689,83,1581
690,1164,890
691,552,2696
692,1328,646
693,596,934
694,42,2017
695,504,1457
696,775,2462
697,1263,1030
698,447,2094
699,601,528
700,1141,915
701,420,2289
702,1150,2064
703,304,2806
704,53,2033
705,555,2300
706,630,324
707,764,365
708,23,1406
709,777,2461
710,107,1652
711,1290,692
712,120,1709
713,788,2473
714,558,2062
715,456,2496
716,986,382
717,1315,669
718,1124,303
719,1113,2126
720,654,241
721,1087,1326
722,617,295
723,114,7
724,457,2414
725,367,2621
726,966,971
727,355,2691
728,931,867
729,118,1726
730,1317,673
731,714,445
732,402,2729
733,271,1475
734,262,1099
735,951,2221
736,656,240
737,250,2098
738,95,1589
739,25,1413
740,667,255
741,751,390
742,73,1525
743,183,1516
744,629,276
745,1166,916
746,1065,2044
747,350,908
748,410,181
749,6,1877
750,345,1483
751,1018,759
752,1103,937
753,802,2468
754,353,2710
755,571,2091
756,993,793
757,995,786
758,740,352
759,1304,647
760,1078,972
761,889,450
762,86,1566
763,1292,712
764,1277,1020
765,1020,758
766,564,787
767,495,2436
768,97,1596
769,541,2717
770,753,396
771,423,2272
772,1245,524
773,32,1958
774,1195,582
775,690,2639
776,1343,587
777,815,2487
778,644,316
779,598,981
780,1331,643
781,796,941
782,890,2429
783,436,2149
784,186,1481
785,681,249
786,1040,2277
787,483,2347
788,692,414
789,868,171
790,1117,929
791,893,149
792,801,532
793,1234,515
794,1239,1044
795,767,366
796,826,2557
797,1009,765
798,1318,638
799,8,1890
800,393,2744
801,1221,497
802,1209,551
803,43,2015
804,56,2048
805,704,402
806,522,236
807,902,353
808,1034,749
809,657,210
810,1306,651
811,1179,1007
812,949,550
813,1015,2328
814,1167,889
815,715,2657
816,778,2460
817,915,2442
818,1153,2057
819,1081,957
820,1196,533
821,162,1459
822,631,326
823,743,341
824,458,2404
825,934,871
826,979,2170
827,655,1507
828,1055,2006
829,816,2479
830,356,2690
831,472,2362
832,702,2644
833,9,1882
834,583,2284
835,813,686
836,1088,1335
837,424,2255
838,121,1723
839,693,411
840,484,2313
841,1156,899
842,1271,480
843,497,299
844,895,973
845,1307,654
846,803,2469
847,565,2848
848,946,842
849,669,360
850,855,207
851,491,801
852,905,160
853,1278,1017
854,1128,2134
855,918,177
856,1068,976
857,261,1460
858,74,1558
859,1225,1319
860,921,888
861,87,1568
862,1046,752
863,1142,2073
864,1247,458
865,451,2080
866,174,1451
867,645,317
868,1093,953
869,867,2372
870,927,2440
871,943,2211
872,682,250
873,1332,642
874,1293,740
875,1282,696
876,567,1605
877,268,2941
878,971,840
879,187,1479
880,493,1602
881,621,275
882,850,2694
883,1185,569
884,122,1679
885,370,2678
886,930,2200
887,111,1648
888,1319,635
889,33,1978
890,1273,354
891,514,970
892,44,2011
893,599,2108
894,827,2558
895,768,373
896,705,400
897,1210,552
898,1143,909
899,1035,747
900,494,1529
901,960,828
902,658,208
903,57,2049
904,779,2453
905,843,2348
906,1344,616
907,18,1192
908,632,321
909,279,2056
910,1240,1058
911,718,438
912,726,2764
913,590,821
914,98,1640
915,869,194
916,1197,534
917,1017,2249
918,854,2396
919,515,906
920,822,956
921,163,1453
922,357,2688
923,152,2373
924,27,1415
925,985,819
926,1022,757
927,992,2288
928,804,2465
929,671,259
930,970,977
931,744,346
932,997,788
933,597,258
934,755,395
935,524,2226
936,792,795
937,964,1480
938,626,280
939,485,2324
940,973,2156
941,856,206
942,651,229
943,459,2437
944,1312,682
945,1168,933
946,776,2115
947,481,2662
948,430,2179
949,1345,589
950,772,2457
951,438,2139
952,1122,2114
953,1096,774
954,92,1607
955,75,1554
956,1049,2002
957,1216,1063
958,1215,502
959,972,836
960,575,2466
961,1119,926
962,477,2358
963,175,1452
964,696,2645
965,1294,738
966,1190,576
967,1248,460
968,797,2478
969,1266,1014
970,675,271
971,683,251
972,572,2673
973,754,2550
974,1265,484
975,45,2009
976,377,2517
977,1144,907
978,1086,952
979,1057,1985
980,192,1492
981,1029,2258
982,274,2867
983,706,397
984,996,2281
985,780,2452
986,1233,1045
987,1004,2290
988,68,1538
989,879,2431
990,1287,687
991,633,322
992,923,174
993,828,2569
994,1147,2071
995,99,1638
996,723,434
997,559,323
998,820,2623
999,123,1695
1000,1208,549
1001,676,242
1002,659,217
1003,965,831
1004,1198,535
1005,1338,594
1006,429,2924
1007,1320,2088
1008,1155,2063
1009,549,542
1010,1272,547
1011,501,2482
1012,358,2686
1013,323,2922
1014,981,2174
1015,38,2007
1016,608,367
1017,1112,931
1018,439,2106
1019,698,478
1020,324,1416
1021,749,340
1022,584,315
1023,478,2360
1024,610,213
1025,62,2074
1026,926,609
1027,507,2005
1028,264,262
1029,699,404
1030,1295,707
1031,940,881
1032,756,385
1033,1137,917
1034,248,1592
1035,431,2173
1036,460,2428
1037,872,2435
1038,806,335
1039,1259,1039
1040,602,891
1041,333,2118
1042,904,2449
1043,1162,896
1044,948,848
1045,527,2405
1046,486,2329
1047,1288,684
1048,907,157
1049,21,1403
1050,731,431
1051,392,2746
1052,652,237
1053,363,2305
1054,351,2701
1055,1130,2133
1056,798,2463
1057,176,1442
1058,1047,2276
1059,956,2237
1060,848,2412
1061,168,2107
1062,1090,761
1063,585,264
1064,627,279
1065,1095,946
1066,69,1536
1067,998,806
1068,1111,930
1069,958,2078
1070,15,1922
1071,932,2193
1072,729,4
1073,1070,980
1074,193,1487
1075,528,913
1076,505,167
1077,805,2502
1078,853,2003
1079,1321,634
1080,1191,575
1081,781,2451
1082,116,1739
1083,800,2921
1084,1075,2016
1085,461,2389
1086,479,2334
1087,1346,612
1088,900,164
1089,332,2855
1090,1241,531
1091,581,2670
1092,677,243
1093,1170,887
1094,1023,2247
1095,660,211
1096,93,1611
1097,728,2761
1098,453,2450
1099,496,1540
1100,821,2628
1101,1082,771
1102,39,2001
1103,1339,596
